,Name,Muckrack,Webpage,Popularity
0,CNN Underscored,https://muckrack.com/media-outlet/CNNUnderscored,https://us.cnn.com/cnn-underscored/,75
1,CNN,https://muckrack.com/media-outlet/cnn,http://cnn.com,75
2,the Guardian,https://muckrack.com/media-outlet/guardian,http://theguardian.com/,174
3,CNET,https://muckrack.com/media-outlet/cnet,http://cnet.com,184
4,CNBC,https://muckrack.com/media-outlet/cnbc,http://cnbc.com/,232
5,Heavy.com,https://muckrack.com/media-outlet/heavy,http://heavy.com,251
6,Mail Online,https://muckrack.com/media-outlet/dailymail,http://dailymail.co.uk/,279
7,Forbes,https://muckrack.com/media-outlet/forbes,http://forbes.com,284
8,Breitbart,https://muckrack.com/media-outlet/breitbart,http://breitbart.com,306
9,MarketWatch,https://muckrack.com/media-outlet/marketwatch,http://marketwatch.com,317
10,WSJ,https://muckrack.com/media-outlet/wsj,http://wsj.com/,461
11,The Western Journal,https://muckrack.com/media-outlet/westernjournal,http://westernjournal.com,518
12,Chron,https://muckrack.com/media-outlet/hchronicle,http://chron.com/,541
13,Rediff,https://muckrack.com/media-outlet/rediff,http://rediff.com,554
14,U.S.,https://muckrack.com/media-outlet/usn,http://usnews.com,642
15,Seeking Alpha,https://muckrack.com/media-outlet/seekingalpha,http://seekingalpha.com,692
16,The Indian Express,https://muckrack.com/media-outlet/indianexpress,http://indianexpress.com,700
17,Hindustan Times Auto News,https://muckrack.com/media-outlet/htimes,http://hindustantimes.com/,786
18,https://auto.hindustantimes.com,https://muckrack.com/media-outlet/htimes,http://hindustantimes.com/,786
19,DAWN.COM,https://muckrack.com/media-outlet/dawn,http://dawn.com,943
20,Bleacher Report,https://muckrack.com/media-outlet/bleacherreport,http://bleacherreport.com,1220
21,Wired,https://muckrack.com/media-outlet/wired,http://wired.com,1259
22,SFGATE,https://muckrack.com/media-outlet/sfgate,http://sfgate.com,1301
23,Mashable,https://muckrack.com/media-outlet/mashable,http://mashable.com/,1430
24,The Atlantic,https://muckrack.com/media-outlet/atlantic,http://theatlantic.com,1641
25,Rolling Stone,https://muckrack.com/media-outlet/rollingstone,http://rollingstone.com/,1729
26,mint,https://muckrack.com/media-outlet/livemint,http://livemint.com/,1796
27,https://www.livemint.com,https://muckrack.com/media-outlet/livemint,http://livemint.com/,1796
28,Entrepreneur,https://muckrack.com/media-outlet/entrepreneur,http://entrepreneur.com,2018
29,mirror,https://muckrack.com/media-outlet/dailymirror,http://mirror.co.uk/,2026
30,Slate Magazine,https://muckrack.com/media-outlet/slate,http://slate.com/,2082
31,Variety,https://muckrack.com/media-outlet/variety,http://variety.com/,2119
32,chicagotribune.com,https://muckrack.com/media-outlet/chicagotrib,http://chicagotribune.com/,2144
33,The Conversation,https://muckrack.com/media-outlet/theconversation,http://theconversation.com,2239
34,nydailynews.com,https://muckrack.com/media-outlet/nydn,http://nydailynews.com/,2298
35,Express.co.uk,https://muckrack.com/media-outlet/expressco,http://express.co.uk/,2526
36,The Sydney Morning Herald,https://muckrack.com/media-outlet/smh,http://smh.com.au,2552
37,The Financial Express,https://muckrack.com/media-outlet/financialexpress,http://financialexpress.com,2555
38,Deadline,https://muckrack.com/media-outlet/deadline,http://deadline.com,2628
39,Fin24,https://muckrack.com/media-outlet/fin24,https://www.news24.com/fin24,2871
40,News24,https://muckrack.com/media-outlet/news24,http://news24.com/,2871
41,Vulture,https://muckrack.com/media-outlet/vulture,http://vulture.com,3294
42,Vogue,https://muckrack.com/media-outlet/vogue,http://vogue.com/,3373
43,ZDNet,https://muckrack.com/media-outlet/zdnet,http://zdnet.com,3844
44,Quartz Africa,https://muckrack.com/media-outlet/quartz,http://qz.com/,3952
45,Quartz,https://muckrack.com/media-outlet/quartz,http://qz.com/,3952
46,Quartz at Work,https://muckrack.com/media-outlet/quartz,http://qz.com/,3952
47,Axios,https://muckrack.com/media-outlet/axios,http://axios.com,4016
48,Vanity Fair,https://muckrack.com/media-outlet/vf,http://vanityfair.com/,4310
49,The Straits Times,https://muckrack.com/media-outlet/straitstimes,http://straitstimes.com/,4320
50,IndieWire,https://muckrack.com/media-outlet/indiewire,http://indiewire.com,5253
51,Growth Quarters | The Next Web,https://muckrack.com/media-outlet/nextweb,http://thenextweb.com/,5430
52,Shift | The Next Web,https://muckrack.com/media-outlet/nextweb,http://thenextweb.com/,5430
53,Hard Fork | The Next Web,https://muckrack.com/media-outlet/nextweb,http://thenextweb.com/,5430
54,The Next Web,https://muckrack.com/media-outlet/nextweb,http://thenextweb.com/,5430
55,Neural | The Next Web,https://muckrack.com/media-outlet/nextweb,http://thenextweb.com/,5430
56,Plugged | The Next Web,https://muckrack.com/media-outlet/nextweb,http://thenextweb.com/,5430
57,The Age,https://muckrack.com/media-outlet/theage,http://theage.com.au,5670
58,GQ,https://muckrack.com/media-outlet/gq,http://gq.com/,5792
59,WND,https://muckrack.com/media-outlet/wnd,http://wnd.com,5854
60,Allure,https://muckrack.com/media-outlet/allure,http://allure.com,5888
61,Smithsonian Magazine,https://muckrack.com/media-outlet/smithsonianmag,http://smithsonianmag.com,6668
62,Architectural Digest,https://muckrack.com/media-outlet/architecturaldigest,http://architecturaldigest.com,6670
63,Dailystar.co.uk,https://muckrack.com/media-outlet/dailystar-1,http://dailystar.co.uk,6894
64,ELESPECTADOR.COM,https://muckrack.com/media-outlet/elespectador,http://elespectador.com,7131
65,WWD,https://muckrack.com/media-outlet/wwd,http://wwd.com/,7415
66,Glamour,https://muckrack.com/media-outlet/glamour,http://glamour.com,7612
67,Phone Arena,https://muckrack.com/media-outlet/phonearena,http://phonearena.com,7751
68,Townhall ,https://muckrack.com/media-outlet/townhall,http://townhall.com,7886
69,https://www.inquirer.com,https://muckrack.com/media-outlet/philadelphiainquirer,https://inquirer.com/,8135
70,YourStory.com,https://muckrack.com/media-outlet/yourstory,http://yourstory.com,8450
71,"Parade: Entertainment, Recipes, Health, Life, Holidays",https://muckrack.com/media-outlet/parade,http://parade.com,8728
72,sun-sentinel.com,https://muckrack.com/media-outlet/sunsentinel,http://sun-sentinel.com/,10543
73,StyleCaster,https://muckrack.com/media-outlet/stylecaster,http://stylecaster.com/,11011
74,SheKnows,https://muckrack.com/media-outlet/sheknows,http://sheknows.com,12015
75,Manchester Evening News,https://muckrack.com/media-outlet/manchestereveningnews,http://manchestereveningnews.co.uk,12284
76,baltimoresun.com/maryland/carroll,https://muckrack.com/media-outlet/carrollcountytimes,https://www.baltimoresun.com/maryland/carroll/,12855
77,baltimoresun.com,https://muckrack.com/media-outlet/baltimoresun,http://baltimoresun.com/,12855
78,InfoWorld,https://muckrack.com/media-outlet/infoworld,http://infoworld.com,13563
79,Business Insider Australia,https://muckrack.com/media-outlet/businessinsider-au,http://businessinsider.com.au,13978
80,Teen Vogue,https://muckrack.com/media-outlet/teenvogue,http://teenvogue.com,14097
81,STLtoday.com,https://muckrack.com/media-outlet/stlouis,http://stltoday.com/,14140
82,ScienceAlert,https://muckrack.com/media-outlet/sciencealert-1,http://sciencealert.com,14384
83,BGR,https://muckrack.com/media-outlet/bgr,http://bgr.com/,16984
84,TheJournal.ie,https://muckrack.com/media-outlet/thejournal-ie,http://thejournal.ie,17116
85,Austin American-Statesman,https://muckrack.com/media-outlet/statesman,http://statesman.com/,19095
86,orlandosentinel.com,https://muckrack.com/media-outlet/orlandosentinel,http://orlandosentinel.com/,20158
87,WalesOnline,https://muckrack.com/media-outlet/WalesonSunday,http://www.walesonline.co.uk/,20464
88,NOLA.com,https://muckrack.com/media-outlet/nola,http://nola.com/,21080
89,SYFY WIRE,https://muckrack.com/media-outlet/syfy,http://syfy.com,21289
90,BirminghamLive,https://muckrack.com/media-outlet/birminghammail,http://birminghammail.co.uk,21682
91,UPI,https://muckrack.com/media-outlet/upi,http://upi.com,22572
92,Newser,https://muckrack.com/media-outlet/newser,http://newser.com,22720
93,courant.com,https://muckrack.com/media-outlet/hartfordcourant,http://courant.com/,23078
94,Liverpool Echo,https://muckrack.com/media-outlet/liverpoolecho,http://liverpoolecho.co.uk,25058
95,BroadwayWorld.com,https://muckrack.com/media-outlet/broadwayworld,http://broadwayworld.com,25608
96,WPLG,https://muckrack.com/media-outlet/wplglocal10,http://local10.com/,27859
97,Brisbane Times,https://muckrack.com/media-outlet/brisbanetimes,http://brisbanetimes.com.au,28709
98,Times Union,https://muckrack.com/media-outlet/timesunion,http://timesunion.com/,28726
99,Roanoke Times,https://muckrack.com/media-outlet/roanoketimes,http://roanoke.com/,30567
100,Daily Herald,https://muckrack.com/media-outlet/dailyherald,http://dailyherald.com/,30582
101,https://www.hawaiinewsnow.com,https://muckrack.com/media-outlet/hawaiinewsnow,http://hawaiinewsnow.com,31947
102,seattlepi.com,https://muckrack.com/media-outlet/seattlepi,http://seattlepi.com,32340
103,Military Times,https://muckrack.com/media-outlet/militarytimes,http://militarytimes.com,32731
104,AZFamily,https://muckrack.com/media-outlet/azfamily,http://azfamily.com,34503
105,mySA,https://muckrack.com/media-outlet/sanantonio,http://mysanantonio.com/,35040
106,Post and Courier,https://muckrack.com/media-outlet/postandcourier,http://postandcourier.com/,35918
107,madison.com,https://muckrack.com/media-outlet/host-madison,http://host.madison.com,37735
108,WJXT,https://muckrack.com/media-outlet/news4jax,http://news4jax.com,38139
109,Sport,https://muckrack.com/media-outlet/thesportsdaily-1,http://thesportsdaily.com,38581
110,The Advocate,https://muckrack.com/media-outlet/theadvocate,http://advocate.com/,40209
111,Arizona Daily Star,https://muckrack.com/media-outlet/tucson,http://tucson.com,41158
112,Tulsa World,https://muckrack.com/media-outlet/tulsaworld,http://tulsaworld.com/,43449
113,Irish Examiner,https://muckrack.com/media-outlet/irishexaminer,http://irishexaminer.com,45383
114,Richmond Times-Dispatch,https://muckrack.com/media-outlet/rtd,http://richmond.com/,45414
115,Omaha.com,https://muckrack.com/media-outlet/omahawh,http://omaha.com/,48597
116,JournalStar.com,https://muckrack.com/media-outlet/journalstar,http://journalstar.com,51453
117,mcall.com,https://muckrack.com/media-outlet/mcall,http://mcall.com,55627
118,Connecticut Post,https://muckrack.com/media-outlet/ctpost,http://ctpost.com/,55812
119,Arkansas Online,https://muckrack.com/media-outlet/arkansasdg,http://arkansasonline.com/,55974
120,Colorado Springs Gazette,https://muckrack.com/media-outlet/gazettecolorado,http://gazette.com/,64822
121,ChronicleLive,https://muckrack.com/media-outlet/newcastlechronicle,http://chroniclelive.co.uk/,65494
122,UnionLeader.com,https://muckrack.com/media-outlet/nhunionleader,http://unionleader.com,85311
123,dailypress.com,https://muckrack.com/media-outlet/dailypress,http://dailypress.com/,91745
124,dailypress.com/virginiagazette,https://muckrack.com/media-outlet/vagazette,https://www.dailypress.com/virginiagazette/,91745
125,nwitimes.com,https://muckrack.com/media-outlet/nwitimes,http://nwitimes.com,100059
126,Daily Record,https://muckrack.com/media-outlet/the-daily-record,http://the-daily-record.com,913951
127,"India News, Breaking News, Entertainment News | India.com",https://muckrack.com/media-outlet/topnewsindia,http://topnewsindia.com/,7299835
